customer_id,name,age,income,credit_score,address,city,state,zip_code,account_age_days
1,Cheryl Williams,52,34599.94926066894,714,"88176 Short Union Apt. 489, New Gabrielleberg, IL 68319",Millerberg,NY,49110,84.81243523117314
2,Amy Kim,67,40041.20998067133,751,"599 Joseph Trafficway Suite 821, Lake Meagantown, CT 21116",Gutierrezfort,IA,74855,615.6250308522951
3,Dennis Marshall,37,43909.94079615722,603,"717 Sarah Manors Suite 322, Woodsbury, RI 64438",Johnsonburgh,NY,95284,181.37686473023857
4,Michelle Cole,38,14553.806384335,745,"948 Murphy Grove Suite 358, Matthewsmouth, VT 70171",Saraton,NY,99360,172.11149627697074
5,Terry Cummings,29,40537.65468299461,559,"Unit 9857 Box 6702, DPO AA 37492",North Bobby,IN,59027,304.4673439298875
6,Heather Colon,23,29134.658659233774,709,"9112 Mary Brooks Suite 151, New Dalechester, NY 90019",South Jamie,PR,51761,361.01457751656386
7,William Barber,36,37753.101354867475,534,"91998 Mack Squares, Burchview, MH 47476",Port Mary,ND,23855,33.63196543965212
8,Catherine Ballard,50,29434.159083513892,744,"068 Jones Ridge, West Brittany, VA 99346",Morrisville,RI,07704,51.38865750125312
9,Keith Crawford,35,69445.48703531308,648,"13808 Christopher Cove, South Meganfort, SC 78739",North Timothy,FM,79991,17.49686072173954
10,Dylan Huff,29,33513.12195134303,688,"PSC 9692, Box 7173, APO AA 13773",Ibarramouth,DE,41460,543.1278992824901
11,Ariana Newton,48,18290.104532352292,517,"8599 Brett Trail Suite 302, Lake Toddberg, RI 97341",Port Jennifer,DC,46256,1746.4035663681132
12,Sophia Novak,47,39203.582449428,738,"134 Schultz Wells, West Jeffshire, WY 00531",Monicaview,KS,85563,1274.7176896347025
13,Erika Johnson,43,32683.109897344188,502,"725 Smith Valley, Wardview, NV 06800",New Rebecca,WY,35426,882.278932620467
14,Kevin Lee,34,22666.93799811425,561,"USCGC Mclaughlin, FPO AP 96606",Aaronburgh,PW,73021,391.203541603873
15,Wayne Holland,49,31736.45191307122,582,"87776 Michael Corner, Watsonchester, MA 70186",Lake Martha,IL,86383,2.7687101879677374
16,Cathy Edwards,54,44522.18922510353,738,"12989 Johnson Path Suite 647, Garyborough, AZ 92368",South Kiarahaven,AS,41108,652.8314543939995
17,Patrick Moore,32,32590.485484477074,683,"Unit 3628 Box 4930, DPO AE 12568",Danielbury,WA,16996,200.9094006256505
18,Joseph Clark,59,34125.28068160016,608,"608 Wise Branch, Clarkview, NE 47812",South Richardview,NE,02505,196.65710659206567
19,Ashley Burns,57,58377.39430139472,642,"3802 Hayley Trail Apt. 368, North Timothyfurt, MA 74858",Perryborough,NC,21620,63.68619680775095
20,April Jimenez,60,51048.795909168824,729,"43219 Jennifer Drives Apt. 682, Brianburgh, OK 09009",Barbaratown,OK,14704,411.9437474429144
21,Andrew Pena,44,62794.6576477848,388,"4775 Melissa Lodge Suite 389, Nathanside, AL 61115",Hoovermouth,ID,11502,12.873886995056864
22,Jordan Weber,57,22102.30850947846,754,"PSC 2524, Box 1977, APO AE 02802",Johnsonberg,AS,05850,355.218588567095
23,Andrew Foster,41,41150.41948210638,797,"754 Kaitlyn Pines Apt. 678, West Meghanside, AK 24199",Lake Joseph,AS,57447,129.902578458697
24,David Franklin,37,33716.53006296305,607,"56871 Garcia Cliff Suite 573, Port Tarabury, VI 49026",Newmanhaven,NV,47290,87.90417925003142
25,Michelle Schaefer,58,40743.96006342094,597,"1427 Samantha Drive Suite 339, North William, ME 30182",Jacksontown,AR,56832,1115.4067026177804
26,Scott Lawson,52,58697.4607472932,667,"3428 Kim Freeway Suite 891, Hicksside, AZ 30783",North Teresabury,KS,30046,1132.1213246431157
27,Linda Wood,34,32380.713062698764,610,"229 Morrow Key Apt. 419, South Colleen, NV 22969",Lisahaven,AK,60270,851.9148633194725
28,Howard Porter,23,14338.283163097325,684,"4221 Marcus Hill Suite 688, Christophermouth, MS 49678",Lake Kevin,NC,50218,125.58366913791225
29,Sandy Mata,39,27424.798992737007,633,"24095 Holly Passage, Sydneyville, PR 55402",Lake Maryfurt,MI,71577,365.72640288007597
30,James Sims,51,26106.252317999424,790,"214 John Extensions Apt. 992, North Kelsey, SC 08565",West Randymouth,UT,36259,1783.8990691458498
31,Troy Blair,18,35980.05886650341,656,"PSC 0639, Box 2016, APO AA 24673",Courtneychester,MO,16432,26.42554369019624
32,Brandy Waters,81,42925.18239026031,624,"442 Tyler Circle Suite 795, Whitetown, NC 14151",Lindaport,MI,90147,136.93027607103852
33,Brandon Pennington,44,24124.005120615944,764,"589 Michael Isle, South Krista, MH 77314",North Ariel,NJ,03158,135.6665861679029
34,Patricia Berry,56,27429.11322701052,788,"795 Nicholas Valleys Apt. 530, Fuentesfort, PW 46188",Juanton,DE,02428,500.25187386588567
35,Amy Jones,53,78171.42644503499,550,"Unit 1667 Box 2106, DPO AE 64035",Port Patriciaberg,NV,95369,20.814879897172602
36,Desiree Klein,36,65993.5133621894,737,"4092 Bush Harbor, South Monicafort, PA 35078",Paulchester,ME,33847,8.36347377923531
37,Robert Baldwin,21,37197.50771774767,543,"PSC 8835, Box 2311, APO AA 33629",Aaronbury,WY,25985,587.1062637838595
38,Julia Myers,52,45125.0081203088,633,"52941 Oliver Route Suite 480, Millerside, FL 29973",Deniseshire,FM,09459,73.97220671963947
39,Roger Guerrero,33,32444.248656238928,731,"6984 Horn Pike, Kristinabury, OH 60811",Denisestad,NC,19224,849.7420363196106
40,Sheri Hubbard,26,58533.837426381884,850,"025 Rogers Mills, Wilsonhaven, GA 50514",Wilsonstad,NC,85140,138.43852271895156
41,Amy Woods,48,47745.39994901931,526,"PSC 6439, Box 5774, APO AE 49720",Randystad,OK,67778,647.2327148635591
42,Christopher Acevedo,25,45079.113184828355,771,"263 Jerry Curve Apt. 310, Beltranfort, HI 11757",Grayview,CA,65934,43.945863098042025
43,Bailey James,49,28281.891533733487,836,"50888 Heather Parkways, Baileyborough, AS 89357",Jacksonton,ME,37355,527.7207410676243
44,Tracy Montoya,52,46961.1232123881,554,"7892 Summers Summit Suite 726, North William, WA 69829",Dodsonview,DC,30743,135.41187952640297
45,Tyler Parker,62,27248.70261711563,746,"181 Hill Highway Apt. 298, Williamsborough, ND 31083",Campbellmouth,AZ,29104,535.9066440848812
46,Kimberly Santos,51,26804.514894082462,664,"0588 Harvey Grove Apt. 979, West Zachary, VA 72277",Port Chrisland,MI,29444,229.20815360351003
47,Clinton Collins,31,27295.207061917485,642,"381 Roman Plains, Richardtown, MA 08838",East Melanie,MD,06052,1113.0276056242615
48,Edward Rodriguez,50,55452.58940699052,703,"34976 Jenna Key Apt. 387, East Sean, MT 96879",Kellyhaven,PA,15477,349.21766219438524
49,Lindsey Brown,41,94094.90770295728,712,"15267 Amanda Corners, Melissabury, MP 13179",East Jasonberg,MP,67489,164.78868418313147
50,William Ross,32,36853.026428568824,636,"Unit 5816 Box 2207, DPO AE 22917",Greenehaven,PR,92032,97.46678511241134
51,Amy Chandler,41,46625.373746850615,697,"6005 Gardner Roads, Tamaraport, AZ 57081",Bradybury,PR,49337,1656.8677380651027
52,Kevin Brown,43,30996.767960071465,727,"717 Joseph Estate, Yuburgh, NM 25475",Ravenland,MS,81298,243.14596604934678
53,Michael Romero,38,49008.036704097525,671,"8047 Kathleen Falls, Anthonyshire, NM 71408",Lake Jason,CA,19991,1375.6467354035208
54,Mr. Joel Robinson Jr.,26,45275.72194998292,826,"486 Brenda Vista Suite 929, East Michelle, MI 80204",South Stevenland,LA,91939,51.11409867466144
55,Brandon Livingston,45,24342.04535709406,685,"4909 Jennifer Ports Suite 529, Elijahfurt, SC 46229",West Amberside,NV,62539,597.0372126508365
56,Matthew Allen MD,53,25960.908497326847,788,"4691 Shaw Hill, New Michaelmouth, UT 26791",Valeriestad,UT,06681,173.78104213354757
57,Kelly Osborn,52,43469.9460466533,701,"11676 Contreras Circles, East Samuel, PW 65431",Port Tiffany,ND,12774,800.4749661542437
58,Timothy Grant,100,57861.55565992247,748,"70394 Andrea Village Apt. 505, South Cynthiashire, WA 93129",South Heathershire,AL,36068,794.3097374771024
59,Mindy Hayes,40,47365.01841849999,572,"PSC 4286, Box 4964, APO AA 10501",Simontown,MA,41756,431.70701330471735
60,Sarah Frost,41,35815.188789871594,596,"9281 Chandler Ferry Suite 467, Wonghaven, KS 92226",Port Angela,ID,16123,391.147292843563
61,Kimberly Kirby,55,20651.6282484304,602,"8563 Angela Rue Apt. 500, Tracyborough, TN 96112",Gregoryburgh,WY,63032,67.94452064871399
62,Crystal Bailey,61,62701.02344637628,662,"829 Graham Center Suite 467, North Kristen, NJ 48624",Carlaberg,DE,86388,121.55900171495168
63,Jeremy Trevino,34,39173.68527495872,654,"78969 Brown Streets, South Stephen, MT 16140",Melvinton,MO,47659,388.9552213473711
64,William Vasquez,35,58524.59790384628,732,"18732 Cameron Lock, Pollardton, AK 21052",Port Christinafurt,OR,81382,1861.7785043499964
65,Robert Nguyen,18,38764.455491881265,583,"774 Pham Creek, Lake Anthonybury, NC 18009",Collinsport,MS,34698,288.99171563665067
66,Dawn Jones,57,27718.721291515492,816,"3407 Gillespie Via Apt. 574, Ponceside, AZ 88713",Port Markfort,DE,21699,95.15326807105437
67,Kara Taylor,37,28892.426143629866,826,"602 Alexandra Hollow Suite 692, Amytown, UT 04173",South Karafurt,MA,55569,539.6951748483992
68,Tanner Allen,51,41442.14730975112,815,"6567 Thomas Prairie Apt. 522, Lake Randyview, MD 93450",Tracyville,DE,41234,473.01523601871753
69,Jacob Lee,22,30653.988840044225,776,"4486 Brown Village, East Walterborough, RI 85082",Moralesport,AS,16719,7.249039860402138
70,Latoya Johnson,34,33420.10064208469,837,"17011 Elizabeth Walks Apt. 395, Rickeybury, OK 84970",Rebeccamouth,UT,05996,51.478459223906626
71,Wendy Harris,18,25373.59449709493,624,"272 Williams Summit, Deniseshire, MS 63191",Dianamouth,VI,85926,254.16830729160344
72,Mark Jackson,26,62322.24341118752,782,"5457 Jose Summit Suite 619, Isaacfurt, VA 33109",West Ginamouth,WI,09100,23.181162010267364
73,Michael Washington,66,21970.331347635252,766,"308 Salas Run, Lake Nathan, VT 56783",West Michael,AZ,69528,537.4873820274989
74,Robert Martinez,45,33831.2383422157,656,"PSC 0624, Box 2506, APO AP 35806",Thomasfurt,MO,32092,440.6736889036453
75,Jennifer Lawrence,46,45786.553536154366,808,"4164 Kelly Groves, South Paulport, GU 29682",West Susan,WI,46488,306.47798702554564
76,David Davis,26,46184.382531062736,657,"USS Smith, FPO AE 21910",Josephshire,FM,76997,243.96376367509356
77,Marc Barnes,49,29203.830701597282,629,"752 Cherry Rue, Townsendberg, DC 69071",East Jonathan,OH,87554,931.7630200486385
78,Paul Johnson,37,29208.55697112399,614,"7358 Miller Canyon, Port Henryview, KY 96452",East Jonathonville,VI,24773,596.5777042199567
79,Darryl Calhoun,58,40439.197644891836,731,"33464 Rebecca Dale, Sandrabury, MN 79381",Mathewsshire,MH,37530,165.6669311533693
80,Timothy Wilson,54,44051.20356368876,578,"537 Bailey Mission Apt. 113, Lake Sandra, AS 70581",North Nicole,SD,46301,822.1045916217098
81,Ian Mueller,44,37837.82657036749,777,"774 Solomon Lake Suite 039, Port Carlaborough, UT 71288",West Tylerburgh,NE,74121,208.36683546537657
82,Erin Lopez,36,62536.20334511461,606,"663 Rhonda Divide, Lake Susanstad, IL 37002",West Stephenbury,OR,60931,702.3164934275086
83,Andrew Young,64,36583.45414275343,718,"PSC 5151, Box 3135, APO AA 87191",North Carol,MD,97973,246.4942270300856
84,Andrea Ramirez,40,33028.82150448679,588,"2013 Fowler Plains Apt. 076, Port Brendamouth, NV 06348",Harrellport,UT,92008,1498.4861915941428
85,Anna Dunlap,46,44725.762591276616,568,"623 Kevin Square, Shortside, PW 11573",New Spencerview,WI,03050,173.51138937309852
86,Connie Santiago,76,55366.11387141972,530,"2985 Thompson Ranch Suite 492, Port Tracy, GU 75944",Lake Jason,OR,98468,697.9189368315386
87,Lucas Rivera,54,45248.32483593599,648,"5376 Wesley Forks, Ericmouth, MH 36459",Harperville,NE,53776,29.640853224368897
88,Vanessa Gentry,31,17474.427194220494,827,"2578 Scott Island Suite 481, New Laurenport, SC 17653",West Stephanieville,SC,54131,1093.3093321104006
89,Sandra Hayes,32,32451.922177162924,691,"8805 Nielsen Drives, New Carolhaven, VI 34292",Garyport,MA,76012,481.4528398740175
90,James Ortega,36,31205.317987309238,670,"239 Melissa Creek Apt. 857, Port Nicoleborough, MI 88301",Hannahtown,IL,77890,862.5929269042907
91,Andrew Brown,37,39388.039297721836,505,"701 Miller Fields, East Soniastad, GA 85525",Juarezview,MT,94119,837.7877016413386
92,Denise Blanchard,23,28782.42954903525,786,"386 Timothy Well, New Gregoryview, DE 22984",Kyleberg,SC,48870,43.59699684897863
93,Michael Craig,49,60862.63240294546,735,"7954 Matthew Flats, Kellerside, UT 57636",Port Marissa,MI,44847,58.94010398594012
94,Brandi Sanchez,42,32669.15093988931,649,"77267 Irwin Via, Kristenmouth, ND 11715",North Dwayneville,AK,59971,316.1771847914631
95,Marvin Flowers,49,27186.31959672913,701,"21135 Timothy Port Suite 846, Barrerachester, WY 72062",Port Sandra,MA,02061,1637.3601045511884
96,Noah Smith,67,21895.502066848345,565,"1342 Perkins Glens, West Mariaburgh, VI 82482",Miketown,MT,06456,1014.7512690851148
97,Terri Williams,48,36475.91067841272,659,"308 Brown Valleys Apt. 074, Port Justin, NV 32135",Lake Kyleport,GU,65961,1741.7876106280025
98,Amy Wood,33,80540.58148020647,690,"09058 Everett Mountain, Griffinberg, WA 94521",Dawsonshire,NM,29587,594.9506190583871
99,David Warner,77,27762.135891272872,737,"1612 Vasquez Summit Suite 640, South Bobby, OR 18098",Phillipsburgh,GA,78750,23.25573087174049
100,Cindy Delgado,47,34932.53198334073,747,"9680 Rhodes Port Suite 725, East Natalie, ME 43536",South Jennifer,NE,23960,483.9665143694886
101,Charles King,32,29443.032513026046,437,"25347 Jones Viaduct, West Stephenmouth, OH 76504",Christopherstad,HI,35460,438.1218530033215
102,Danielle Lopez,37,18593.228216483614,686,"23710 Payne Knoll, Deniseside, WV 43495",South Alyssaport,NC,63809,840.4535837439984
103,John Harper,31,43138.52420947282,517,"87207 Jenkins Locks, North Stephanie, ID 38015",East Williamborough,WY,09433,1349.5091807735591
104,Roger Hill,72,35391.823910756546,621,"Unit 9903 Box 2531, DPO AA 49671",New Davidbury,AR,24373,831.8238614980431
105,Joseph James,19,58329.038216820954,638,"USCGC Gilbert, FPO AE 98443",Port Amanda,KS,48552,267.9174681636745
106,Christopher Graham,63,34960.70402455677,644,"USNV Hanna, FPO AP 79526",Heatherberg,IN,00990,1000.2130700016552
107,Jennifer Rivas,45,36917.582528046,604,"19457 Osborne Ports Suite 507, Oliverview, SC 72019",West Kathleenborough,PW,76032,299.4134136999322
108,Joseph Arellano,54,22493.765469699687,703,"7082 Franklin Plains Apt. 752, South Katiehaven, MA 37641",South Tina,AK,96548,556.9147695866251
109,David Juarez,21,56794.052383271184,683,"52459 Cameron Causeway, Fullerberg, MT 82671",Myersborough,IL,89738,367.30521209301884
110,Katrina Carlson,33,37805.18395513523,805,"6190 Lauren Mountains, West Cheryl, CA 31980",North Brettburgh,GU,46180,955.885055654242
111,Alexandra Mayer,75,67128.85731765108,625,"96145 Harding Run Suite 027, Monroemouth, NJ 05181",South Darryl,PW,74503,71.94397769514947
112,Jessica Terry,59,61154.933153836304,737,"Unit 7833 Box 1610, DPO AA 05059",Kellyfort,AL,97883,119.74074674672174
113,Kevin Vincent,60,19622.67726557853,531,"60978 Duane Cliff, New Cynthiabury, WA 86853",Ashleytown,FM,47599,1172.5307614907208
114,Madison Romero,18,38950.506174578724,432,"9277 Smith Landing Apt. 908, Port Nancychester, IA 52658",South Tinaton,WY,77412,765.4358688598509
115,Mary Bowman,69,22403.321086081505,479,"4994 Wilcox Grove, Port Ashley, WA 83443",Lake Karina,AR,22316,307.29348368534875
116,Brittany Hunter,44,36236.79438607481,690,"37784 Christine Haven, Rileystad, MH 82084",Karifort,IL,09136,199.3080160502499
117,Diana Hill,25,45907.57394314025,686,"535 David Mount Suite 742, Danielleburgh, GA 38758",Amandaburgh,DC,41214,100.37317851724082
118,David Thompson,30,47173.0866598336,620,"46113 Tyrone Knolls Suite 615, Ryanshire, TN 70843",Marshallshire,MT,62856,321.1905708232968
119,Connie Horton,30,43322.01786297791,596,"PSC 2572, Box 1488, APO AA 45219",Port Lorichester,NM,70501,97.40590874155397
120,Lisa Davis,33,21983.971437230506,630,"633 Andrew Branch Apt. 893, Joneston, UT 87320",Simmonsborough,IL,83966,226.49055775545926
121,Jason Lee,74,36766.494842339256,580,"288 Mann Manor, East Jessicaburgh, MS 30613",South Tiffanybury,GA,58060,1034.0673492440453
122,Crystal Anderson,48,48921.58517110153,587,"51872 Candace Turnpike, Ibarraburgh, MH 78365",Port Tiffany,AR,48702,689.6786201071542
123,Jason Williamson,37,29686.973199908298,622,"11502 Jon Isle, Petersonberg, MA 95369",Markchester,FM,83201,481.500917029276
124,Tyler Young,18,29164.763673208156,430,"PSC 6865, Box 9041, APO AE 46300",Colleenside,TN,48402,688.1144701949212
125,Bradley Davis,53,40495.15248044951,850,"9839 Lauren Junction Apt. 364, Whiteborough, LA 98812",Michelleland,SC,45592,56.68066927033169
126,Crystal Castillo,61,61903.10342780386,404,"621 Snyder Ways, Kaylaton, TN 68207",Lake Robert,HI,32854,138.84640163032665
127,Keith Little,33,22075.22464006599,585,"7339 Bates Forks, Natashaburgh, FM 22083",Taylorville,ID,51215,63.78155164239063
128,Sara Cordova,28,39197.88053710687,741,"904 Long Overpass Apt. 971, North Melindachester, NV 39616",East Denisestad,MH,88710,568.3164789465159
129,Jennifer Diaz,44,60960.44246458553,657,"033 David Mall Suite 228, East Kellyton, CO 22528",Browntown,ND,42301,441.9615289356868
130,Lynn Walker,32,31126.7670359308,808,"007 Barber Hill Apt. 212, Santosfort, ID 15104",Port James,MA,09261,68.24233336465612
131,Drew Maldonado,31,22382.17347873118,742,"Unit 7355 Box 8791, DPO AA 54107",Romanview,GA,85615,220.1033798259031
132,Emily Stephenson,73,36669.17731778958,662,"90107 Houston Drives, Ashleymouth, WI 88133",Cynthiaborough,ND,74623,135.39726437839997
133,Mrs. Rachel Cruz,35,30622.98395631792,590,"3827 Robinson Junctions, West Jerryfort, NH 83416",Jamesburgh,OH,94353,95.2012168314435
134,Mrs. Jodi Gutierrez,32,15123.939540530388,718,"48735 Debra Expressway Suite 997, Abigailchester, PR 29428",New Brianmouth,FL,82837,2019.3210830079602
135,Emily Snyder,41,26432.5826196329,592,"77840 Nicholas Key, Port Linda, FM 65123",West Thomasberg,ND,46292,93.69976639324378
136,Eric Holt,56,43691.585601136496,670,"45701 David Courts, Martinezchester, WI 62399",West Jeffreyshire,MS,26310,406.8252109523711
137,James Wang,19,43922.239588388016,583,"PSC 3508, Box 7028, APO AE 46940",Normaland,SC,29227,195.54390655961632
138,David Rodriguez,53,40051.24637254356,375,"740 Dean Ridges Suite 870, Nelsonfort, KS 31511",Garciaberg,MO,33733,138.8062917848029
139,Tonya Thomas,48,26462.639345814394,713,"USS Harris, FPO AE 22509",North Tammy,FL,72006,83.8323763853399
140,Rhonda Savage,20,96213.2247117049,488,"92216 Johnson Row Apt. 214, South Brittany, NC 16954",South Melissastad,ID,78903,26.607325728560664
141,Diane Wiley,32,31742.303310608313,750,"8718 Parrish Junction, Vickifurt, HI 17428",Derekberg,AR,50294,146.9444171467007
142,Raymond Martinez,36,53488.13789385043,727,"6594 Washington Mews Apt. 679, Smithville, NE 99815",Oconnorville,NE,19338,452.7232970845699
143,Jennifer Evans,18,27476.507905466267,707,"98466 Elizabeth Track Apt. 764, Dunlapmouth, MO 24546",Careyborough,MN,52191,887.8035355708989
144,James Owens,41,38538.200515692755,658,"70705 Ryan Vista Suite 351, South Chelsea, GA 56988",West Jennifer,LA,69524,99.97790485039884
145,Rachel Mendoza,46,34389.72021051055,766,"98482 Cross Estates, Nicholsview, RI 61181",Danielborough,NV,04714,75.2791232070963
146,Anthony Pacheco,48,29493.32901133521,708,"525 Dawn Loop Apt. 035, Randyview, OK 28718",Port Kristieside,CT,82264,89.357599482759
147,Arthur Andersen,50,31340.15406164142,678,"167 Clark Forest, Peterborough, WI 97547",East Kyle,ND,72751,222.23070083903406
148,Ashley Payne,76,33038.50037578901,744,"PSC 5783, Box 0961, APO AE 30056",Smithland,AK,74051,848.0413314240349
149,Amy Pham,18,25518.776440271868,462,"244 Luke Harbor, North Alexandra, ME 15365",Port Jesusville,UT,45449,688.3886564684697
150,Bruce Velazquez,39,20887.617998752692,651,"7644 Gallagher Crossing Suite 767, East Monica, WV 47749",Haasshire,KS,94390,1149.1699247752917
151,Kevin Gibson,57,16749.14752364373,673,"48478 David Camp Suite 684, Lake Vincentfurt, CT 85678",Davischester,ID,62419,62.15730792888988
152,Arthur Morales,56,38477.080566295896,706,"62488 Kayla Green, Lopezhaven, IN 78347",Lake Tyler,TX,87873,203.9131577756547
153,Patrick Robbins,50,31402.70234496285,713,"32652 Brian Groves, Elizabethfort, DE 94422",North Stephenshire,MS,69013,1121.6516652682226
154,Mr. Jonathan Green,79,30620.094077520116,690,"20472 Aguilar Bridge, Fosterberg, MA 33039",New Lindsey,UT,13678,186.78127569790024
155,Ronald Rios,57,26913.15988265522,657,"0780 Navarro Road Apt. 166, Westhaven, IN 38519",Ronaldmouth,GU,39760,718.7068579298895
156,Brianna Robertson,37,32156.36354916088,732,"78499 Glenn Row, South Williamborough, VT 58146",North Catherineberg,VT,56661,860.9039817705016
157,Scott Brown,40,25782.021823779796,605,"29251 Megan Underpass Suite 352, Port Benjaminfort, AK 34788",East Brendaville,GU,10256,130.19651122237548
158,Allen Harris,50,50886.228781966456,747,"843 Maria Roads Suite 527, West Briannaberg, ND 05479",Arnoldport,MA,39876,512.4221043686954
159,Larry Landry,51,70043.97474238556,572,"USS Floyd, FPO AP 02338",Brendahaven,MH,32957,100.20063725826591
160,Christopher Mcmahon,26,38549.86863191722,733,"8811 Williams Villages Apt. 911, Davidstad, ME 20071",Lake Bruce,TN,87436,256.1228297395112
161,Bradley Valentine,54,35615.825877579395,677,"544 Lara Mountains, North Roberttown, MI 92047",Thomastown,WA,45470,352.49722039658866
162,Lance Brown,28,33826.63615740637,654,"797 Hancock Flats Apt. 611, Port Melinda, NM 24614",East Samanthaview,DC,31406,1028.3467612703482
163,Erik Davis,46,46817.77972275173,698,"215 Greg Knolls, New Glenn, RI 37199",Kimberlystad,AK,23522,614.1987266962591
164,Stephanie Nicholson,48,39639.6586200796,536,"Unit 1119 Box 2441, DPO AA 05904",Harmonstad,MP,15658,466.6104285170075
165,Robert Lutz,68,30365.86860074021,551,"2573 Thompson Flat Apt. 590, Seanberg, NH 95416",Ashleyville,PR,95757,2094.586994560353
166,Miss Samantha Miller DDS,43,88304.10595857965,702,"5714 Monica Tunnel Apt. 223, Patrickville, TN 52031",Jennifershire,AS,11633,254.5824217045068
167,Sheri Bryant,42,31275.540755157293,548,"8952 Diaz Rapid Suite 154, New Jacobport, LA 26269",Sandersbury,NM,66220,385.4415120619409
168,Mark Harper,20,33508.088954478,712,"894 Perry Street, Burnsview, NE 23351",Port Eugene,MD,02711,213.05324297924764
169,Michael Carroll,39,65131.106067296816,624,"273 Timothy Fields, Victoriachester, KS 12726",Fosterland,ID,55249,75.90996096569353
170,Dylan Booth,22,36231.03282296694,518,"4840 Bennett Coves Suite 621, North Steven, NY 27860",New Tina,MO,09565,271.43810812800353
171,Benjamin Castillo,41,46335.89583397686,834,"387 Hansen Glens, South Pamelaborough, NE 30454",Garciahaven,CA,57903,6.590472412829613
172,Elizabeth Woodward,61,25437.5762648977,701,"63585 Savannah Centers Apt. 578, Port Jodyshire, KS 27312",Fernandomouth,AK,32831,1622.9991361362133
173,Jorge Flores,40,24654.529914553892,850,"62132 Smith Plaza, Heathermouth, SC 74982",Richardberg,DC,73298,34.71602541412708
174,Alison Werner,45,27614.870785095776,717,"29565 Sherman Plains Apt. 212, New Stephen, MI 27034",Freemanview,CT,68054,1141.6574284058152
175,Deborah Walker,36,29989.403169634865,646,"365 Mcintyre Expressway, Port Anthonyborough, GU 29008",New Kristinshire,IN,60153,416.02205183809025
176,Jean Todd,36,59041.96812469402,384,"28736 Hernandez Knoll, East Stephen, IA 19832",Berrybury,TX,04354,290.59073589379017
177,Brian Wells,63,17576.418394501154,615,"386 Harris Via, Lake Jesseview, MO 75838",Daniellemouth,OH,08273,989.4746641480701
178,Amber Guerrero,39,34459.59342785343,702,"33952 James Ferry, South Jeremy, IA 37924",Benjaminville,SD,10275,157.86568284633302
179,John Roberts,28,67056.7567334705,743,"USCGC Ryan, FPO AP 85695",Wayneton,VT,57747,13.73492894222005
180,Brenda Hall,64,28379.872661357906,577,"PSC 2334, Box 5779, APO AA 99362",Sawyerport,MP,97067,557.2073614139259
181,Janet Thomas,37,43100.12155673629,527,"5155 Jones Centers, Johnburgh, NY 41265",Philipfort,TX,04571,52.37001674243566
182,Justin Holmes,55,48283.847713578216,555,"88097 Andre Vista, Brownmouth, VA 14637",South Billy,OK,93037,967.9181687269648
183,Daniel Ortega,39,54489.61604303546,541,"754 Steven Manors Suite 708, Juanborough, IA 22947",Lake Nicholas,MH,75855,173.4667943062584
184,Hannah Mcdowell,54,20243.262270300158,826,"16723 Johnson Pines Apt. 187, Lake Ronniehaven, VI 95142",Molinaport,IN,69949,1115.9315104109137
185,Faith Boyd,37,52425.75352424132,579,"51997 Martinez Mill, Lake Ashley, TX 68019",North Justin,NY,78223,446.15887507165263
186,Claudia Collins,23,47321.64350694919,508,"651 Dwayne Fort Apt. 760, Danielleburgh, KY 44249",New Michael,OK,82973,263.3180196399056
187,Cody Taylor,18,65759.51989926727,671,"16565 Robinson Freeway, North Emily, OK 04608",Greenview,NV,81366,721.1272518663181
188,Jerry Lee,43,51028.416436220585,646,"22531 Green Ports Suite 162, Stephaniefurt, AZ 62766",Sabrinafort,OH,90458,804.3572269649502
189,Manuel Harrison,39,35598.86490702355,680,"7404 Stokes Square, East Bryan, NM 04463",Washingtonbury,AL,99885,501.8486659672682
190,Louis Khan,19,29202.246607639783,608,"2816 Singleton Neck, East Bruce, UT 02333",Stoneburgh,ID,75683,900.6935435811959
191,Megan Wright,45,41013.37848104979,596,"8375 Walters Port Suite 580, Kennethmouth, CO 49888",Michaeltown,NY,44811,9.280943705383004
192,Juan Cardenas,33,20529.998868700688,705,"91459 Erik Knolls Apt. 851, Port Kathrynhaven, KS 74065",Johnsonmouth,MS,05214,403.91775770349267
193,James Tran,60,42847.780205477604,675,"3581 Julie Heights Apt. 426, West Jamieport, WV 62926",South Tiffany,RI,20070,458.7918592526735
194,Chelsey Jordan,59,25557.465326716614,701,"69168 Kevin Centers, Jillstad, RI 57794",New Joshuatown,NC,82139,1229.1047803856507
195,Eric Williams,18,23205.580363546957,587,"346 Hernandez Landing, Blevinsmouth, MA 46179",Danielhaven,VT,36943,90.93085252463617
196,Mark Perez,45,32150.890250015997,669,"2519 James Stravenue Suite 271, South Larry, AL 07805",Tonyfort,NE,88763,462.1011094925578
197,Ryan Robinson,35,22196.027626431314,557,"13826 Brian Lodge Apt. 316, Reynoldsville, UT 94743",Jenniferton,DC,86251,634.7819933193434
198,Erik Davis,24,44395.27996703614,474,"81732 Rollins Ranch Apt. 333, Jeffreyview, AR 69976",Laurieberg,CT,26095,323.17989334513084
199,Christopher Keller,52,38742.50680441236,564,"74590 Roth Inlet, Kristinview, WY 88841",Johnland,GU,06457,15.839839412128923
200,Leslie Thompson,55,44920.44891761191,498,"USS Jenkins, FPO AP 18093",Johnborough,PA,09138,26.397639049887342
201,Amy Peterson,83,35114.837295138605,764,"871 Roy Square Suite 874, West Lindsaytown, CA 23699",South Matthew,AK,12191,56.359457382338995
202,Melissa Henry,34,38674.89252671602,616,"5156 Jason Summit Apt. 741, East Thomasborough, GA 92560",Port Jamesshire,NC,74248,342.0851133315343
203,Brian Freeman,35,68484.10786061916,720,"578 Rachel Lakes Suite 031, East Jessicaborough, VA 70079",Lake Emilyview,TX,88666,803.260781980095
204,Phillip Steele,36,24816.813661537828,742,"8944 Erin Circles, Dannyhaven, DC 30929",Lake Arthurton,AK,87297,446.08043986173215
205,Robin Chandler,34,33301.85824474102,642,"463 Watson Corner, Fisherburgh, ND 34595",Port Pamelastad,NE,42536,102.36514095673292
206,Eric Landry,54,52712.03293002365,661,"972 Smith Wells Apt. 469, Daviston, IL 07923",East Mark,MN,51451,658.8038895652369
207,Daniel Graham,53,53011.98260907422,733,"37587 Rebecca Club, East Michael, PW 29553",New Michael,AZ,21764,143.61975777006006
208,Juan Pratt,51,21283.913857218264,644,"Unit 1760 Box 3819, DPO AE 89451",Lake Carlview,MD,22296,2197.7792087026646
209,Holly Murillo,51,39053.613668286256,677,"117 Thomas Bypass, Watsonville, MD 36086",Hoodburgh,CA,31817,1235.4326320627652
210,Julia Yu,25,42460.26201186112,628,"142 Yesenia Island, Kimberlytown, MH 16081",Meganmouth,IN,45592,1771.2349613111267
211,Stephanie Gallagher,44,46098.018438499734,652,"PSC 1733, Box 0452, APO AP 77373",Wendybury,PW,54573,192.1702607597672
212,Jonathan Daniels,45,22207.692729259827,700,"30006 Erica Shoal Apt. 419, West Kristy, GU 08678",Lake Mary,KY,30709,64.23888373582203
213,Jeffrey Moreno,48,30712.898208213654,775,"51472 Adams Springs Apt. 280, North Jessica, SC 90333",Aprilhaven,MO,01355,33.794967744737164
214,Kelly Valentine,31,41956.961212227594,457,"466 Colin Circles, Morganburgh, KY 52111",Port Timothy,HI,93806,782.0486666689937
215,Charles Maldonado,60,21591.475639016353,676,"0316 Debbie Valleys Apt. 143, Hallport, WV 76276",East Michael,MI,14024,132.60782148292475
216,Jennifer Rogers,58,46615.56869906248,654,"07711 Duncan River, Francomouth, FM 23995",New Jonathanstad,MH,06906,801.6862615115626
217,Deborah Hansen,37,59472.637039400244,850,"5202 Julia Street, North John, OH 91014",East Michaelfort,NM,06639,1034.457032016195
218,Kristina Adams,39,20158.128513476193,474,"PSC 1188, Box 0755, APO AP 21220",East Alisonchester,LA,35274,668.9088879868328
219,Dana Davis,38,32904.85146744831,515,"3124 Smith Valley Suite 747, Lake Angelicamouth, OH 30799",West Rebeccafurt,IA,34009,175.70734486615277
220,Jennifer Rogers,31,18457.251262481794,529,"84207 Robert Road, New Jamesborough, NJ 55075",Michaelville,WY,39601,569.1663243132235
221,Andre Skinner,59,33694.97193681939,645,"75546 Brian Divide Apt. 991, Boltonmouth, AZ 35517",Trujillochester,IL,97257,475.19708628821826
222,Kristen Vega,55,54638.061723523424,812,"PSC 4883, Box 8207, APO AP 02104",Ramirezside,MP,18651,359.42587629622057
223,William Lewis,35,30156.358207693786,587,"274 Cantrell Vista Suite 172, Lake William, MD 06936",Jamesville,TN,27895,756.1203787863983
224,Terrance Jensen Jr.,36,30528.3437331027,633,"71035 Jonathan Burgs Suite 027, Nathanielbury, CO 97932",East James,AR,20799,1738.5421082633873
225,Anthony Mcfarland,66,29739.719766461294,566,"75821 Gordon Drive, Powelltown, UT 77661",Bobbyville,DC,74471,845.9565014931576
226,April Christensen,52,28372.516941488168,579,"447 Raymond Trail Apt. 128, Lake Brianside, AR 71309",Lake Joannaberg,DE,52748,384.98649214541854
227,Linda Alvarez,68,68088.06267003757,588,"6772 Shannon Coves, Lake George, VI 82290",Port Robert,NH,68652,1097.9790492400168
228,Rebecca Brown,39,43924.37507999911,758,"14707 Christopher Point Suite 869, North Patriciafort, LA 03597",North Patriciamouth,GA,69946,400.2073907849494
229,Darrell Oconnell,42,27463.028595561264,512,"95069 Robert Trace, West Michael, MH 87194",North Lorishire,IL,32620,642.6277899985342
230,Amanda Bishop,34,27056.482941596652,649,"8229 Daniel Stream, Edwardbury, DC 21675",Lake Ruthborough,OK,28032,124.34813059020823
231,Michelle Johnston,37,39274.30562216644,648,"10609 Blevins Green Apt. 758, North Vincentview, CA 86352",Debbiefort,TX,77786,327.5275687177955
232,Duane Trujillo,62,55379.7801727682,684,"09173 Angela Ranch Suite 798, West Nicholashaven, GU 98581",Seanhaven,CO,94523,213.70906697260762
233,Paul Bennett,55,69310.2141055455,708,"2011 Lamb Turnpike Suite 321, Perezport, FL 44387",Beckborough,ND,82669,798.3250668763662
234,Melanie Mcgee,39,50339.67562208574,692,"58238 Banks Valley, Johnsonborough, WI 69169",Mcdonaldshire,MH,61505,1009.810319110265
235,Richard Austin,57,43370.98338505025,756,"2513 Cunningham Mountains Suite 567, Lake Tylershire, GA 34291",Roseville,SC,83888,481.9682095110941
236,Jerry Decker,62,28934.30042600659,698,"267 Robinson Knolls, Davidton, IN 38531",New Gregoryshire,PR,30134,1063.7731590260767
237,Jesse Allen,42,38229.004639902734,770,"USNS Foster, FPO AE 89938",South Theresaburgh,NV,85596,87.6292173647816
238,Michael Marshall,32,42040.48637131773,690,"PSC 4781, Box 8224, APO AE 77376",Lake Marcusborough,TN,17319,354.0976526547985
239,Jesse Brown,47,36910.55350025785,514,"4124 Jacob Circles, New Saraport, AR 29274",North Anthonyport,WI,13153,502.5687639707752
240,Olivia Ford,56,61285.39327665675,671,"8023 Garcia Drive Apt. 716, Georgemouth, VA 73810",East Michele,FM,31778,56.57350864791453
241,Melissa Cruz,48,63076.82127957595,640,"44405 Connie Stream, Amyburgh, TX 64626",Donnaborough,TX,35074,500.68184867251153
242,Miranda Joyce,49,38616.7361485106,690,"424 Michael Oval Suite 859, East Cynthia, MO 15316",Barnettstad,CT,23216,35.12382514555415
243,Michael Williams,61,25354.706314152972,663,"2728 Brenda Village, Anthonyberg, DC 62274",East Catherine,MD,39127,212.2345657556806
244,Dwayne Arellano,34,30698.03258389058,662,"4274 Steven Summit Apt. 187, Christinebury, NV 44123",Lake Thomashaven,DE,04713,1026.0564224384564
245,Tracey Hartman,36,41440.92326610201,806,"48636 Robert Forges Apt. 767, New Casey, AZ 70828",Morganton,NV,82032,574.8928634454095
246,David Bruce,44,20023.307656334953,609,"USNV Lucas, FPO AP 65090",West Brenda,OH,42003,2925.7643808284897
247,Stacey Peters,23,16821.580845738565,694,"9946 Hutchinson Cape Suite 047, Schultzchester, MN 89619",Berrychester,AZ,32208,591.5661190182869
248,Christine White,37,53779.552900566865,781,"07132 Moore Fort Apt. 167, Lake Tanyachester, ME 23690",Elliotthaven,PW,22369,159.59292433686983
249,Jonathon Williams,54,35076.56237022822,834,"626 Rachel Forges, South Hannah, NM 20960",Tannerberg,PW,15394,253.4121515045698
250,Charles Mccarthy,28,49724.894823976436,629,"099 Thornton Port, Lake Charles, MI 28678",North Janetberg,AK,94922,130.65290624194523
251,David Perez,26,60193.37716807768,641,"8103 Martinez Highway, Riversmouth, NE 54613",Nelsonland,NM,54713,1724.0411706004004
252,Erica Munoz,61,39910.08289499977,626,"165 Jones Bridge, Lake Michelle, DC 84851",Lake Lisa,WV,31199,749.3886523371488
253,Daniel Diaz,53,42476.14894160436,714,"90331 Banks Valleys, West Michael, PW 39666",Port Alanland,NE,62592,70.34699296379124
254,Michael Boyd,64,56230.83880796912,699,"898 Lewis Crossroad Apt. 778, West Lance, CA 81467",West Bonnieborough,UT,86184,328.4291801348973
255,Tonya Rivera,34,68208.81935446204,645,"9199 Rodriguez Ranch Apt. 424, Port Sara, AR 63177",Bryanport,OH,51078,33.18152539672983
256,Blake Ward,23,20806.24317665311,706,"2272 Ray Plaza, Lake Markmouth, PR 07588",New Michael,VT,12692,798.6536450159809
257,Lisa Price,38,18744.595393523974,604,"115 Powell Mission Suite 207, New Ericamouth, ID 50455",Davidstad,SD,17357,458.1710517459567
258,Shannon Soto,18,51960.15910583963,540,"781 Timothy Shoal, South Zachary, MS 57802",Annberg,AS,16794,983.4937522015512
259,James Fisher,30,35714.10634192321,649,"USNV White, FPO AA 05926",Calvinside,NY,84422,481.3712174806433
260,Steven Robertson,27,43639.198453386976,828,"161 Ellen Canyon Apt. 903, New Laurafurt, KY 91249",West Caroline,KY,91113,4.9094476922816135
261,Pamela Morrison,48,17772.236937806993,625,"89791 Parker Highway Apt. 267, East Lisamouth, AK 06606",Lisaside,ID,70749,16.883422852762028
262,Gary Barnes,34,34109.99782024107,576,"8676 Olson Dam Apt. 717, Port Thomas, DC 41043",New Stephenburgh,NH,35820,71.1942529623307
263,Angela Fisher,71,45446.67780995376,592,"662 Perez Motorway, Jenniferstad, PR 77102",North Patriciaside,HI,41587,91.65056756753847
264,Nicholas Smith,53,39991.75939799323,570,"269 Timothy Roads, East Oliviabury, AL 65918",Clarkshire,WY,33216,612.8974697557998
265,Allen Bennett,45,28957.14124765485,719,"76137 Yvette Overpass, Andresmouth, NV 03358",Lake Andrew,IL,89211,626.0337364360131
266,Peter Curtis,50,29649.123845056187,758,"66632 Amy Plaza, South Dianehaven, VI 92792",West Aaronborough,MD,16897,843.2272846739617
267,Nicole Carter,64,38915.96519148348,850,"Unit 4007 Box 1596, DPO AE 63841",Humphreyberg,VA,97016,373.6989069793848
268,Emily Levy,34,31909.767531388952,670,"7225 Jones Estate Suite 201, Kristinabury, ID 71332",Lopezmouth,NV,01408,31.12501565950754
269,Michael Phillips,35,30657.725285774377,617,"568 Harper Shore, Maryport, LA 87243",Johnsonchester,PA,23964,1862.0514047170466
270,Ashley Hines,51,25309.834474565563,597,"92346 Holly Harbors, West Kimberly, MS 76531",New Joeside,DC,82582,779.6065487971737
271,Michele Woodard,44,76864.13221191982,822,"021 Kelley Hollow, New Joseburgh, GA 79265",Castroville,LA,51257,129.67997284335337
272,Thomas Hart,51,24471.40257220491,706,"8291 Mario Pike Suite 544, Bryceshire, KS 29360",Jamesview,VA,02345,570.0738976376844
273,Julia Foster,41,20251.73148158639,689,"655 Brandon Brooks Suite 204, West Garrettborough, DE 72349",Cindyberg,FM,13334,678.7689523746609
274,Jason Moore,54,18910.71487654973,559,"PSC 7200, Box 5602, APO AA 29211",Blackchester,HI,53172,231.84282527364851
275,Erin Castillo,48,52390.70169079217,818,"Unit 1100 Box 8673, DPO AA 48195",North Dannyview,NE,08458,333.41715179960704
276,Alyssa Jacobs,38,20505.874843656948,592,"5648 Eric Turnpike Suite 881, Garyberg, RI 13565",Andersonstad,SD,13217,448.6735609704546
277,Victor Thomas,67,58866.76647328444,587,"1556 Nicole Hill Suite 095, Spearsmouth, WY 34007",Johnsshire,WI,32885,629.082454563555
278,Robert Hill,50,40673.418284736355,620,"2582 Carter Streets, Kingberg, NC 80909",Juanfurt,ME,09710,338.91047127677456
279,Ian Lowe,53,31897.565963267763,727,"9559 Thomas Stravenue Apt. 726, Aguilarchester, NY 89418",Laurieview,ID,77398,222.54497958890394
280,Annette Sweeney,18,24234.952375448986,681,"6290 Adams Lodge Suite 782, Munozchester, ID 77789",Port Annaside,OH,33216,248.03545318173678
281,Steven Lewis,25,54518.173052981016,603,"47356 Ashley Fall, Johnfurt, VA 18999",Wilkinshaven,TX,77497,1750.3052272122
282,Ricky Harper,50,21066.41767829118,622,"56666 Johnson Plaza, Strongborough, OK 99896",West Richard,NE,79477,38.16886127796854
283,Brian Mcintosh,46,23177.858374500844,749,"2795 Nicole Glens Apt. 483, Weaverbury, TX 33151",Lake Charles,NC,25984,281.8385953427962
284,James Huang,37,45575.404440295904,510,"77736 Karla Junctions, Khanfort, MN 75317",West Christopherfurt,DC,50495,613.4113034796725
285,Mary Mitchell,39,32136.887847979364,617,"76808 Morales View Apt. 120, South Linda, GA 49067",Catherineborough,WY,74664,929.496245338075
286,Carla Johnson,76,41230.331576578756,779,"PSC 3342, Box 9172, APO AE 97649",Laceyfurt,MP,03596,1013.5053132645013
287,Danielle Spencer,41,33903.63629042292,642,"06199 Morgan Junctions, Lyonsport, IL 55190",Everetthaven,IA,93551,378.75702141697195
288,Stephanie Chung,44,34689.05192022778,546,"45892 Raymond Course, East Dawn, UT 65280",South Kim,MH,09653,1358.1043269379973
289,Justin Salinas,46,18045.10544332196,741,"276 Bethany Expressway Suite 253, Steeleton, OH 50388",Wilsonberg,CA,44447,303.2461345460047
290,Victoria Clark,50,17407.882476136565,850,"77069 Vazquez Pines, Clarkton, WA 42308",Jeanton,SC,57614,549.6026185327917
291,Joseph Rivera,61,25236.153940457265,711,"3264 David Passage, Smithton, NC 73215",West Steven,ID,39922,1751.8151951146049
292,Carl Lewis,29,40006.57935352537,584,"USNV Case, FPO AA 26224",West Brian,MI,27272,293.26891987858676
293,Patrick Jones,42,39187.04575044474,737,"3972 Cheryl Viaduct Suite 812, North Garyport, LA 45921",New Carolhaven,KY,42687,1446.7161936901364
294,Julie Clark,52,35925.02215145962,850,"57406 Brown Mount Apt. 710, Gregorytown, IA 73133",Padillaport,MA,51473,480.96742777547075
295,Matthew Strickland,48,52455.94946701983,760,"03304 Duncan Lake, Jilltown, CO 57010",Crystalport,MO,10032,121.46599900901198
296,James Lopez,62,24801.07841285258,813,"613 John Center Suite 314, Keithberg, FM 60306",Mclaughlinport,MP,78413,526.6755678436183
297,Krystal Clark,49,27889.441421095114,643,"614 Marcus Mall Suite 257, Ewingberg, OH 02503",Nathanielland,IA,36020,1023.0167305078766
298,Amanda Brewer,49,40913.2809401602,793,"89841 Mercado Tunnel, New Brian, NV 79515",Stonemouth,TX,59221,670.5633929263292
299,Dustin Key,41,50890.44729036105,768,"129 Laurie Inlet Apt. 071, Lake Hannah, AL 17969",Matthewville,CA,90292,824.7289214855367
300,Heather Miles,26,46747.36623098882,713,"74889 Adriana Tunnel, East Ian, IN 99283",Kimberlychester,ID,88951,285.98124837094326
301,Jessica Brown MD,42,37947.22883625555,632,"2825 Victoria Flats Suite 482, New Monicaview, MI 99577",Port Margaret,NJ,73864,196.21459547159392
302,Kevin Hernandez,45,23218.208426583184,485,"4955 Michelle Mount, Rittermouth, AS 84425",Cameronmouth,NY,04429,594.4882510155721
303,Mark Glass,30,17091.105487519046,586,"9951 Sydney Expressway Apt. 569, Lake Jennifer, TX 24219",South Ashleyfurt,DE,50429,128.91254876652442
304,Michael Torres,25,38537.72178891436,579,"PSC 7343, Box 3622, APO AP 31148",Port Nicoleside,CA,53558,551.6307375355345
305,Patricia Pham,34,79885.73114352574,748,"06254 Tammy Walks, South David, NM 87353",Richardsonburgh,MH,80831,366.0290274007968
306,Christopher Graham,40,30977.4408394039,648,"613 Campbell Turnpike, Scottmouth, OK 30985",Christinechester,MO,35739,208.70394070539882
307,William Gallegos,24,20416.740142834275,752,"0387 Christopher Locks, East Jesse, SC 71555",West Ericamouth,VI,15460,468.12567913740986
308,Julie Smith,81,46073.37790716655,707,"725 Adrian Locks Apt. 727, Williamsside, VT 27063",Stonehaven,KS,38912,633.1423719156954
309,Anthony Miller,56,40071.354178878704,660,"21831 Myers Roads Suite 174, Shaunfurt, CO 37806",East Aprilberg,WA,30376,31.07995096936032
310,Michelle Tucker,44,33992.19298947471,705,"910 David Roads, Harpermouth, MI 89852",New Timothyfort,LA,51262,53.47023069596843
311,Rebecca Johnson,19,35086.83018432368,551,"5177 Marie Light Suite 226, North Kellyborough, GA 56027",Johnsonborough,WI,10595,812.3415099827117
312,Melinda Castillo,28,18597.155048489603,689,"17110 Campbell Club, Nixonchester, TX 17117",Lindaview,AK,50225,471.2323804772562
313,Lisa Jones,30,50476.84098880651,551,"0743 French Garden Suite 775, North Andreaburgh, NV 45308",Jamesbury,MS,27802,99.92678386106935
314,Mary Hopkins,41,25868.4701247434,705,"75743 John Alley Apt. 146, Ramirezfort, FM 73910",East Jeffrey,CO,32881,372.39224986605
315,Linda Sanders,35,40616.25670703627,490,"074 Brooks Knolls Suite 076, Smithview, IN 67718",Ashleyland,OR,31934,1647.431485903963
316,Robert Mason,51,59224.77003238595,642,"0150 Laura Summit Apt. 546, West Nicolestad, ND 86536",Davidland,GU,30295,399.5056249968056
317,Tamara Dean,46,31247.918989343198,662,"54749 Wade Lakes Suite 016, Port Brandonstad, HI 83170",Buckleybury,WY,41199,855.1511073538645
318,Jeffrey Ray,53,32880.01699965477,690,"USCGC Harris, FPO AE 37652",Pacestad,AK,28931,119.15704709007788
319,Jennifer Farmer,23,66993.56574570801,525,"2212 Mackenzie Wells, West Dana, KS 46396",North Josephview,CT,26085,758.2596478962244
320,Charles Jacobs,34,48098.94711489209,593,"59270 Aaron Street, South Jessica, NE 18131",Karentown,DE,15029,275.5966503777051
321,Tanya Day,34,40040.54948667134,566,"Unit 0735 Box 2998, DPO AE 89801",New Ashleyborough,WY,54768,441.6800520333024
322,Victor Phelps,77,43631.16473675877,576,"752 Annette Squares, South Krystal, NV 57853",North Elizabethville,NC,69430,993.1471316059389
323,Kristy Huff,42,34702.352363526225,654,"45968 Melissa Spring Suite 102, New Amy, KY 19352",Mooreland,AS,85207,467.092486661959
324,Carrie Burke,42,21206.61020093305,676,"90230 Keller Points, East Amandatown, PA 89160",East Ryanview,AR,60219,247.8913325326026
325,Julie Dickson DVM,43,89580.97718138917,569,"Unit 5972 Box 2389, DPO AP 77112",East Amanda,MN,24378,279.48266282585786
326,Mike Dominguez,69,51109.94541196358,760,"672 James Track Apt. 634, Fernandezfurt, AK 22137",South Brian,IL,25330,2369.693403932185
327,Christopher Collins,53,64211.57812826864,612,"31208 Conway Route Apt. 436, New Michael, CT 87854",Mooreville,NY,26679,44.77543553195397
328,Steven Holmes,41,24704.16794287522,578,"839 Tyler Track Suite 066, East Stephenside, KS 45910",Forbesside,KY,35200,219.2496174052104
329,Mark Tucker,45,27736.634655884376,673,"56428 Michael Trail, Nashstad, FL 06168",Monicaside,LA,58890,1060.4614082448709
330,Hannah Johnson,21,42698.50630184308,850,"751 Rivera Divide, Juarezside, MD 33388",Davisport,PA,18674,196.02802124207304
331,Kimberly Russo,63,23780.605760727696,817,"65840 Taylor Hill Suite 655, Port Adam, OH 66267",Thomastown,OH,68398,312.93646399120445
332,Daniel Santiago,51,37562.13603241308,581,"00886 Russell Tunnel, Velasquezfort, AZ 17758",North Ashley,VT,22910,1580.6017136476676
333,Lisa Armstrong,53,26311.57518443664,666,"508 Zavala Crescent, North Catherineton, NV 12053",West Jonathanville,MO,05562,50.837241851180444
334,Elizabeth Austin,23,63209.681638459064,619,"PSC 4484, Box 1653, APO AA 60201",New Jessicaborough,WI,18818,213.5268807427271
335,Dustin Brown,61,44945.15925435063,540,"020 Eric Alley, Michaelburgh, MH 94003",West Charlene,DC,48663,2445.3274810240277
336,Tracy Lindsey DDS,40,37255.27649284009,728,"PSC 2664, Box 9717, APO AE 97032",East Aimee,CO,10613,922.6854960309859
337,Brooke Graham,79,41675.189045273284,669,"588 Stevens Inlet Suite 751, North Evelynfurt, MI 35986",New Kimberly,PR,53378,68.31866761445356
338,Victoria Paul,40,43317.31056386174,708,"USCGC Torres, FPO AP 65413",Jennifertown,DE,16513,616.7775345468045
339,Benjamin Olson,33,22789.802730956733,466,"92745 Anthony Streets, East Julie, TX 17363",Laurenside,ME,39120,252.90371555329955
340,Joel Schroeder,52,77227.43952497253,536,"40081 Elizabeth Ville Suite 605, Michaelside, WI 11607",Luceroshire,GU,23157,362.5041260227198
341,Melissa Salazar,44,48701.824432959285,658,"91135 Ruben Mission, North Yvonnemouth, OK 58211",Gregorytown,AL,44637,239.52080933354858
342,Destiny Jones,43,44309.498767943,709,"6259 Medina Pine, North Antonio, IN 07345",Lake Marychester,FL,80342,181.69093479589338
343,Melissa Porter,42,27875.102731134764,703,"91056 Scott Trafficway Apt. 574, Zacharyville, FM 84190",West Susanmouth,KY,78436,212.4002131065532
344,Andrea Hughes,31,36963.5486889479,667,"328 Monroe Run, Davidfort, DE 42249",Lake Chrisberg,NJ,52482,864.3375877049688
345,Michael Vaughn,44,48349.84063086186,789,"007 Stacie Circles, West Candiceland, KS 72251",Pughberg,MO,21183,96.08815422728964
346,Brandon Ortiz,53,15002.895251701866,656,"84120 Janet Circle, Kevinmouth, PR 37749",Lake Corey,MS,36046,79.13105552263052
347,Alexis Clark,35,34015.107527569286,655,"3285 Mary Place, New Edwardshire, WY 69240",Gomezside,KS,71155,1688.088915942053
348,Troy Mitchell,52,19325.03882244506,585,"70940 Sanchez Inlet Suite 358, Troyport, NY 54513",Lake Krystalton,AS,25102,352.7534873886499
349,Dustin Arnold,30,34529.501566963,529,"157 Timothy Greens Apt. 998, Jeremyport, CO 08668",Jillland,OH,08813,483.25014225288186
350,Kathleen Barrett,53,25892.769554231363,691,"4023 Gordon Rapids, Lake Tammymouth, DC 05175",North Amandabury,CO,07357,31.656104475265693
351,Vanessa Humphrey,41,61190.92345223653,664,"84019 Bradley Islands, East Jimmyberg, PA 73891",Tiffanychester,ME,40491,2057.6490388284765
352,Margaret Evans,39,29813.68634556191,608,"01903 Patricia Isle, Hortonberg, GA 96275",East Derrick,VI,16942,64.70420301200468
353,Heather Butler,35,32667.48794131249,611,"79505 Mahoney Points, South Natalie, IA 33913",East Kathrynborough,WI,00666,356.0856262173184
354,Lauren Gonzalez,47,21226.28350576668,741,"303 Debra Cliff, Joannahaven, NH 83938",Dixonville,SD,07255,488.9445714095118
355,Sheila Humphrey,18,50362.99554093997,513,"USCGC Smith, FPO AE 29443",West Brianahaven,SD,56521,229.24259169146762
356,Phillip Estes,41,55422.07493839176,618,"4787 Mitchell Drive Apt. 624, South Nancyview, RI 54671",Lauraside,NV,45277,661.4051614296391
357,Robert Hernandez,36,14663.771364063348,595,"01777 Luna Vista Suite 119, Alexandriabury, NY 92182",Lake Joel,VT,87499,383.1925226324291
358,Shaun Hudson,50,25643.94648944125,646,"0788 Sanchez Village Suite 367, Smithside, MS 44550",West Daniel,CO,89357,396.99173850084725
359,Billy Pearson,62,34355.40545925691,647,"Unit 9375 Box 1824, DPO AA 15691",Reynoldsmouth,NJ,01915,81.28809185896223
360,Monica Conley,31,54659.38470425221,563,"945 Jensen Junctions, North Jonathan, WI 23141",New Raymondport,TN,46597,323.14909664580887
361,Carolyn White,24,20645.51762666087,797,"4577 Donald Hills, Johnland, GA 46399",North Bradleystad,GU,74709,1113.2042581618732
362,Wayne Wise,41,54166.301963977116,537,"USNV Hodge, FPO AA 90525",Rothmouth,IA,61732,287.7737466824469
363,Tina Russell,55,30614.56047085429,850,"8892 Peterson Meadows, New Sueville, MH 85571",New Robert,LA,21479,538.4556178581311
364,Matthew Bradley,35,40006.22249659751,729,"780 Young Brooks Apt. 187, West Michael, ND 88217",Cartermouth,SC,13642,475.872932055436
365,Marilyn Diaz,45,27897.817679539978,695,"34902 Joshua Pass, Evanberg, MT 64468",West Andrea,NC,18654,358.94736616271416
366,Cory Howell,34,33518.60706788046,659,"USS Watkins, FPO AP 67442",Haneyfort,MN,14429,44.301967334239265
367,Robert Henry,39,38740.3939913571,515,"8912 Maria Highway Apt. 524, East Jennifer, OR 89219",New Troyland,OR,56757,215.16322533344004
368,Kayla Curtis,30,46078.09174615157,765,"379 William Viaduct Suite 203, Henryberg, KY 42600",Baileyfort,CO,39007,102.40357755499981
369,Mario Brown,62,46706.268264677536,749,"556 Steven Summit, North Josephborough, IA 67680",East Thomasfurt,NH,36703,489.966252744019
370,Dawn Ross,33,23425.813765030183,599,"144 Douglas Crossing, North Sarah, FL 61260",Conwaychester,OK,69319,64.70504452855059
371,Sharon Carroll,64,44120.5307633861,695,"9225 Kim Trafficway Suite 948, Randallstad, GU 57481",Russellshire,NM,53731,21.42829365455452
372,Yolanda Ortiz,77,60443.63407281367,829,"8213 Angela Square Apt. 650, Michaelborough, TN 37387",West Shelby,WA,40466,689.3083141025072
373,Kevin Anderson,53,52858.69859754236,613,"PSC 7832, Box 5898, APO AA 29104",West Karla,IL,03854,1316.125753212103
374,Louis Adams,32,29490.64315726016,521,"9570 Alec Mountains, New Miketown, GU 16198",Waltonfurt,WY,41539,282.8846133593655
375,Brian Warren,75,24683.17390344725,627,"600 Anna Terrace Apt. 719, West Michelleburgh, VT 32735",Hollychester,TN,35740,1089.851540550276
376,Monica Rowe,40,22715.58171145758,741,"195 Kimberly Divide, New Taylor, OH 99076",Lake Jodistad,AS,48912,846.2655938873602
377,Phillip Burnett,42,40090.83295996039,625,"253 Miranda Pine, Kirbyport, VT 29206",North Clayton,RI,63872,922.5755435367258
378,Debra Joyce,69,49563.48282116403,723,"3435 Gonzalez Ridges, New Richardtown, WY 66091",New Emilyshire,SD,08082,533.7920953421046
379,Gregory Vance,47,23065.858546564174,689,"9707 Johnson View, Lake Pamelaberg, PW 76927",North Kathleenmouth,UT,10695,851.2848903479231
380,Amy Wilkins,35,36704.97551953872,500,"087 Michael Knoll Suite 277, Jeanettefort, GU 70218",Port Abigail,CA,95540,918.4925352389018
381,Peter King,49,65892.19198027607,674,"9879 Strong Camp, Duffytown, NC 74664",East Andrew,MN,52268,176.58942500081025
382,Joseph Gonzales,84,68458.38079970774,712,"74551 Mitchell Expressway, East Jeffshire, WA 35881",East Lisa,IL,84552,1033.0570375537263
383,Shane Hernandez,64,45963.98678842973,636,"92561 James Valleys Apt. 346, Port Harry, OK 98732",South Tamichester,ID,42289,4.687716082228079
384,Virginia Boyer,26,48531.05010806422,557,"PSC 4083, Box 2079, APO AA 39888",Ericshire,DE,44085,2402.4177204430694
385,Whitney Nielsen,41,26965.615705761567,591,"713 Hailey Terrace, Brandontown, HI 95716",Lake Alanmouth,VT,25681,404.9359561738078
386,Jack Frederick,53,46720.721096195215,794,"51143 Park Viaduct, Taylorburgh, OK 78072",Lake David,CO,79316,104.14270031672503
387,Lauren Howell,62,29336.154710758175,636,"74029 Seth Stravenue Suite 556, Haynesburgh, NV 04558",Callahanfort,MT,58641,715.6265334138119
388,Renee Flowers,45,21862.982789558006,539,"80961 Mark Square, Port Jimmy, VA 57836",North Dianeton,WI,85419,80.60580416755946
389,James Jimenez,55,31872.80434416607,822,"385 Robinson Pine Suite 959, North Jameshaven, MH 37821",West Michaelmouth,GU,25368,1086.637839731507
390,Tina Thomas,39,20038.34125504563,795,"96947 Williams Square Suite 292, South Connie, IA 82454",Ashleyfort,CA,61719,266.0432215751686
391,Alyssa Bryant,22,56494.83156358171,594,"50796 Rebecca Bypass Apt. 701, Port Jessicaberg, RI 45462",Port Howard,NC,19434,514.0659982373223
392,James Luna,83,37958.819662185844,581,"48544 Shannon Glens Apt. 149, South Mistyport, MN 84448",Port Ruben,MN,87236,412.18016030144025
393,Keith Singleton,75,55432.87901438748,752,"959 Timothy Mountain, Perryport, VI 76330",Suttonport,MH,73629,157.23259306312465
394,Jordan Huber,53,36226.095938293474,781,"32116 Montgomery Parks Suite 762, New Josephhaven, CT 85951",Cochranview,MS,81695,40.09459373168456
395,Jill Miller,42,30988.460825468104,719,"89469 John Flats, Jonathonside, AZ 32654",North Nathanburgh,UT,46926,777.0369982367988
396,Donald Cooper,59,13756.311252666705,730,"20622 Heather Junction, Erinview, WY 65914",Port Dylan,NC,75780,79.76319211344142
397,Ralph Patel,34,18896.125575434617,641,"PSC 7836, Box 1712, APO AE 22553",Chanport,HI,56633,455.9318902293805
398,Stephen Smith,43,38810.524649212,707,"21567 Robert Knolls Apt. 630, Colinborough, MD 71204",Davidborough,FL,10703,273.44065497429887
399,Lisa Thomas,63,44521.798235824106,627,"47478 Darlene Circles, South Jonathan, DC 79286",Morrisonland,NE,99647,915.6732559190152
400,James Powell,30,55244.522831637485,456,"6911 West Lake Suite 170, East Jeffrey, FM 36023",Wilsonfurt,AL,56206,443.08614126586946
401,Michael Reed,37,24541.8204467796,664,"6104 Jones Fords Apt. 057, Port Cheryl, MN 17072",South Paulborough,DE,21961,177.42799503994652
402,Amanda Walters,18,52132.16363493469,630,"39801 Guzman Gardens Apt. 125, Kristyport, FL 90557",East Aprilburgh,NV,59813,922.3699354910642
403,Michael Carey,52,30138.379534450072,533,"352 Timothy Extension Suite 574, Brooksfurt, PW 45099",Teresaside,WA,82906,71.63502844895132
404,Jeffrey Davis,18,39026.2677809903,612,"PSC 6712, Box 8263, APO AP 32802",South Ericborough,NE,99351,343.047207298425
405,Brooke Mcintosh,69,30946.53478693982,589,"42885 Patrick Pines Apt. 911, North April, PA 16412",Nelsonborough,VA,13937,471.0930064584235
406,Mia Wilson,52,41704.249616391106,592,"838 Long Row, South Scottview, MA 52062",Dannystad,WY,34960,534.947050307972
407,Joy Galvan,43,33816.84017543074,562,"5314 Malik Circle, Colefurt, NE 18763",Vanessahaven,AR,20328,1183.5862371081546
408,Alisha Montgomery,32,27062.42461819213,557,"951 Hunt Union Apt. 543, Port Meghanchester, PA 14981",Brettfurt,GU,42953,712.3061267985805
409,Morgan Boyd,67,33027.860427196465,647,"97426 Lopez Grove Apt. 036, South Chad, NH 11391",North James,AR,00535,17.095762468974915
410,Benjamin Wilson,33,37630.70056813895,536,"138 Kara Throughway Suite 214, West Penny, FL 56948",Joshuaside,OH,95428,264.7457109592807
411,Gerald Spencer,56,32910.1156153776,656,"0841 Natasha Rest, East Valerieview, OR 70527",Savannahchester,IA,08798,1380.9032264595596
412,John Thomas,52,34949.44081579099,589,"USS Johnson, FPO AE 73878",Lake Elizabeth,OR,63140,150.65917327534436
413,Janet Boyd,56,23411.876185488978,679,"49318 Robbins Stravenue Apt. 446, Lake Michelle, UT 76676",North Tabithatown,MP,00714,311.74758408616094
414,Dawn Mccann,24,37346.61970288061,684,"2921 Steven Forest, Thompsontown, OH 83477",Tristanhaven,KY,98965,215.0118883764553
415,Brandon Hawkins,33,27348.35465147208,670,"1690 Owens Views, South Faithland, IN 99841",Evansbury,FM,53223,370.5293223927217
416,Bradley Day,62,32746.801296213307,665,"722 Susan Villages Suite 709, Thomasmouth, AR 15252",Matthewborough,TX,81425,615.2184503012271
417,Ryan Stafford,32,37427.10146445455,542,"17772 Ali Corners, Travistown, WI 50236",South Amandatown,MD,23933,90.62578881090823
418,Jordan Moore,18,31041.084836971837,850,"1256 Gary Valley Suite 862, North Brookechester, MH 34233",North Jeremiahburgh,WV,51113,265.314835878422
419,James Torres,54,74616.98299709149,652,"PSC 4914, Box 1649, APO AA 33514",Brentmouth,TX,63222,820.9898941840662
420,Clayton King,34,28954.061787618022,644,"770 Martinez Stream Suite 832, South Michaelland, ME 05815",East Kathleenhaven,OK,81488,771.5400534056184
421,Sarah Avila,35,27454.42943500514,601,"3973 Christina Ports, Hollyberg, OR 85468",East Jonathanshire,MH,27771,706.8358739082581
422,Anthony Jimenez,30,21891.532311754003,659,"0850 Matthew Drive Suite 893, West Rachelberg, UT 46004",Gardnerside,NY,45815,1051.1712006327439
423,Kevin Ross,40,21012.719355660727,738,"742 Alexander Cliff, West Colin, CA 84134",Cooperchester,FM,19749,386.85529300196026
424,Justin Sullivan,43,25830.04531671603,649,"4047 Hanna Road, Bryanchester, KS 27147",Sherishire,TN,51397,534.6919715654813
425,Andrew Mclaughlin,38,54282.43637285583,661,"9176 Joyce Freeway, West Amy, PA 05982",Port Meganfort,AS,94992,169.23368344452695
426,David Deleon,23,41229.107774243785,786,"6679 Bruce Via, Bruceview, WI 04361",East Alexander,WV,73239,503.357258916638
427,John Johnson,38,56860.47429411283,656,"993 Washington Plain, Stoneville, AR 51880",Christophershire,KS,90051,85.96080579465918
428,Antonio Stewart,57,51220.78636191636,715,"9523 Smith Oval, Michaelshire, IL 29357",Francesmouth,WV,39462,190.45577239785516
429,Catherine Johnson,39,31530.891848947987,554,"08173 Hayes Courts, Thomasbury, ME 48135",South Amanda,PA,40330,290.19809744493597
430,Raven Montgomery,51,28070.33572984854,670,"233 Amy Glen, Port Charlesshire, DC 22160",Christopherberg,AZ,58059,1070.3027201711366
431,Roy Smith,45,59532.47222793458,642,"129 Rachel Corners Suite 663, Myershaven, WV 13881",West Jennifer,TX,29482,2071.042688225587
432,Heather Wilson,51,54287.90401897098,793,"USS Peterson, FPO AP 60873",North Steven,AL,05902,90.73389785331739
433,Joanne Gonzalez,42,51277.4056511222,768,"PSC 8632, Box 3829, APO AE 08808",Singletonburgh,PR,74098,635.329922373547
434,Sheila Mcdonald,83,27395.111403633968,709,"0413 Anthony Cliff Apt. 987, New Rachelview, MO 20338",Frederickport,NE,69244,976.5879262842792
435,Jose Dean,47,57593.16275468916,549,"3914 Alvarez Bridge Apt. 054, Port Stevenville, MP 51582",North James,OK,47143,318.54214339473083
436,Lauren Lee,62,34272.903778343934,780,"5999 Garrison Loop, Lake Elizabethburgh, MT 09095",Port Sarafort,DE,57777,221.42639809327812
437,Courtney Perez,64,36025.99997160746,550,"10401 Scott Village Apt. 551, West Sarafort, MD 74979",Margaretshire,MN,77885,622.4217408676418
438,Bradley Ford,37,29796.622533263202,608,"37824 Alvarez View, New Adam, WA 33657",Marcusmouth,MS,61802,213.8104307780281
439,Julia Flores,69,32441.30825199346,771,"893 Gregory Mills Apt. 019, West Donaldtown, PA 06613",Lake Kaylamouth,FM,68615,217.2216857034855
440,Ethan Jimenez,67,35029.36117490509,772,"7682 Snow Estate, Harrisonborough, AR 96374",South Robert,HI,17791,1934.1212082974455
441,Michelle Williams,31,40681.379011914854,532,"0263 Tara Course, New Jeremiahmouth, NV 85328",Lake David,SC,54254,579.7024320124432
442,Paul Patel,62,31548.35223227204,702,"549 Hinton Plaza Apt. 394, Simsview, WY 63499",North Ashley,SC,44791,907.1287060564159
443,Steven Li,58,22672.479517489443,662,"40651 Edward Walks, Lake Kim, MA 56253",Edwardberg,OK,13477,182.14527509449104
444,Sherri Santos,74,52054.103768185225,518,"8197 Anderson Lake, Shortchester, KY 16858",East Raymondview,KY,76039,1392.774722954687
445,Joe Davis,50,43097.29424365452,713,"041 Sally Ranch Suite 739, South Connie, AR 02162",Karenview,MO,27964,150.7464066486351
446,Larry Carey,61,39952.40812039106,715,"20041 Chavez Mountain, Leeport, ME 68170",Maryport,FM,71693,410.99124394319017
447,Austin Gibson,43,25820.260240178548,760,"609 Jorge Bridge, Hallside, AK 26389",New Christopherburgh,VT,41191,395.5434494928822
448,Amanda Bryant,43,39677.03695084502,643,"9454 Cynthia Ports, Lake Williamborough, GA 38662",Shannonberg,CT,07405,58.671899813379255
449,Brianna Shelton,36,35182.82622501008,683,"91096 Ann Keys Suite 070, South Monicashire, TX 90678",Robertfurt,ND,20402,164.27795745700968
450,Erica Miller,47,31184.367872721537,725,"6181 Christina Roads, Port Teresa, WY 95635",Charlesbury,SD,56614,1208.2698923069854
451,Olivia Shepherd,56,45043.259058764226,556,"53831 Farmer Spur Apt. 602, Jessicamouth, OK 63434",Brandonchester,WA,04768,884.2011858024539
452,Emily Preston,61,45742.50376582981,611,"9667 Ian Mountains Suite 891, Deniseview, WY 31591",Victoriastad,TN,68342,59.71867124054711
453,Melinda Dyer,50,69103.75065095334,627,"1956 Harris Hill Apt. 802, South Brandon, KS 83168",Stephensview,KS,34839,6.24080423751401
454,Cynthia Shepherd,39,18773.094531083403,620,"USNV Stewart, FPO AA 11445",Ericfort,FM,41476,456.09642520778596
455,Billy Thomas,29,24990.9484789199,745,"3564 Clay Roads, Brittanyview, WA 45880",Port Jason,MN,65678,1114.214445221528
456,Carol Moore,70,46957.895391278485,585,"4430 Michael Squares Apt. 777, Leeborough, VT 54070",South Patrickland,WY,83691,17.642771747663254
457,Willie Knight,46,54538.241086817754,557,"PSC 0012, Box 1587, APO AA 71867",East Nathanport,AZ,72733,49.27923153723075
458,Sonya Griffin,48,39847.08110780477,714,"1735 Patterson Fall Apt. 549, Lake Allison, ID 96414",Aarontown,GA,93410,883.8851597612024
459,Gary Reyes,47,51553.02313288924,379,"847 Franco Forest, Katherinestad, RI 17798",East Christopherberg,VA,55623,190.59111005669158
460,Donna Hoover,55,60834.94270253838,614,"0122 Wright Forest, Shortmouth, KS 70778",Briannaville,SD,52492,460.55545390855514
461,Cody Valenzuela,42,50691.1233056156,811,"054 Jesus Greens, East Veronica, WI 31152",North Baileyshire,FL,41956,447.87306532975646
462,Jessica Harding,64,25462.279303620875,728,"9659 Smith Stravenue, Barnesmouth, VT 52441",South Davidville,MD,34341,359.09279845120693
463,Alan Wright,41,27034.353596098783,850,"USCGC Elliott, FPO AA 35445",Johnsonfurt,ME,64966,1503.2050656159715
464,Mark Moore,42,60941.98595436124,711,"62308 Harrington Inlet Apt. 628, Hartmanberg, IN 07251",Lake Kevinhaven,LA,46127,352.8792444278386
465,Christopher Williams,35,38875.23168991746,575,"9229 Davis Square, Michelleburgh, AZ 49913",Bakershire,WV,61652,319.79690828360435
466,Curtis Middleton,25,33621.86507364518,443,"20951 Robert Mission, South Trevor, NY 14143",Atkinsonview,MP,98596,109.1387752228215
467,Eric Stephens,22,47383.03760920219,658,"58465 Hunt Trail, Port David, OK 19226",West Marktown,VA,08286,2.7605059686548863
468,Monica Hogan,23,53080.656371668396,592,"6907 Wallace Landing, East Elizabeth, WY 78014",Cookeside,TX,68536,424.37287129565635
469,Dustin Chavez,18,37807.36211919876,633,"USS Washington, FPO AE 13305",Brettmouth,RI,24301,45.560505058287795
470,Ian Jensen,55,26630.777632085814,676,"57806 Roberts Mill Suite 023, South Kathrynton, NC 27346",South William,OR,94921,211.7303887116328
471,Stephanie Martinez,61,36587.39558070595,840,"4934 Ashley Fork, Mariaton, SD 16658",Weavershire,MA,83346,2468.007870989055
472,Kelsey Chen,44,31580.99680430624,584,"474 Snyder Lake, Wendychester, CO 14196",Lake Kim,ND,83934,250.91318241823745
473,Linda Martin,18,20859.242616214426,676,"43879 Pennington Village Suite 463, North Christopher, TN 41941",Hollandburgh,GA,25313,468.1258338158763
474,Albert Pena,52,50133.09710005116,595,"44034 Hannah Crest, East Jorge, VI 54376",Virginialand,MP,52450,1551.219196899078
475,Geoffrey Flores,37,38230.06604255348,811,"4969 Harris Extensions Apt. 190, Brittanyfurt, VA 99637",Port Ryanview,WY,85574,60.7944307284065
476,Linda Shields,58,27138.18731262445,429,"47710 Decker Camp, Nicholasbury, FM 06607",West Shawn,WV,77610,230.2667240593697
477,Clayton Gutierrez,41,25706.19173732215,636,"Unit 9582 Box 7791, DPO AP 92245",Hooperside,MS,93537,41.7886477823799
478,Robert Davis,46,43441.62804235259,633,"8921 Watkins Grove Suite 236, South Keithland, AR 43319",New Steven,IA,11814,552.1733194204588
479,Donna Collins,28,59505.63737900195,640,"769 Brad Spur, Scotttown, KY 66569",Lake Connie,OH,93342,505.43265496302126
480,Amanda Scott,45,39040.444121906556,725,"758 Allison Shoals Suite 213, West Darlene, LA 08009",Brendamouth,VT,87782,1034.5420566187718
481,Joshua Greene,35,41213.70945799361,535,"PSC 7803, Box 5594, APO AP 19214",North Adam,AR,11559,5.887836307241012
482,Johnathan Torres,46,20050.631234464323,585,"4438 James Forge, Lake Kara, MP 07509",Johnville,SD,47295,332.7664871115796
483,Dr. Kelly Mitchell,36,37514.984371988096,665,"2509 Regina Greens Apt. 820, East Charles, TX 95398",Luisport,NC,58764,210.16300809552897
484,Steve Jacobson,29,48991.93653489875,778,"Unit 8438 Box 8682, DPO AP 28918",Port Sarah,PW,19722,934.118449748684
485,Kevin Kelley,35,67599.69920651086,530,"50814 Carmen Road, Lake Nancyhaven, RI 45091",Daughertystad,VI,25978,182.86757394049724
486,Kimberly Francis,58,33089.80952826903,793,"85340 Roberts Haven Apt. 063, Lake Melissa, NC 39267",South Linda,CT,76255,800.6861151346733
487,Ivan Carlson,49,39779.72516737231,636,"31312 Holloway Track, New Melissachester, WV 53021",Bentleyview,HI,28669,191.9987120715736
488,Denise Garcia,57,19101.455751728066,767,"469 Duncan Lock, Josephshire, HI 57649",New Christy,MA,97352,459.4898805376317
489,John Hall,60,53870.957936443134,540,"30356 Roberts Parkway Suite 268, Lake Keithhaven, FM 89932",Knappton,TN,08878,281.52400679893054
490,Tracy Lee,38,25911.923560612973,606,"30550 Erik Spurs, Port Charleschester, MD 86067",Jeremyton,LA,05783,12.88857719833833
491,Christine Harris,64,59188.901804356516,593,"74364 Johnson Neck, Angieton, NV 28316",Sherrifurt,SC,20932,263.5019740558731
492,Robert Hawkins,41,53562.57238193849,531,"5992 Rivera Parkways Suite 430, Aguirreside, IN 19980",West Erin,GU,12547,465.4221230029178
493,Amy Stone,26,29514.516596123085,647,"7817 Elizabeth Tunnel, Johnathanmouth, AR 42713",Weaverbury,VT,21096,582.8157192596624
494,Jerry Moran,49,35735.879719868004,535,"489 Christina Roads, Loriton, WI 34598",New Jennifer,KY,36169,13.961481211462656
495,Karen Jones,53,36397.2242712862,606,"02447 Smith Knolls, Marilynfurt, FM 27114",Brittanyport,OR,02466,15.722522362918268
496,Vicki Ballard,43,24726.951527265057,613,"948 Jason Curve, East Donna, MA 10906",Port Annemouth,KY,81849,11.814538540600282
497,Veronica Young,41,63546.45610971957,706,"8482 Chavez Roads, Lake Vanessahaven, MA 90791",North Mariamouth,DE,39028,61.727711748932656
498,Monica Soto,40,35147.12407225818,672,"94402 Jamie Dam Suite 957, Perezburgh, AZ 53281",Blairbury,NJ,98620,1096.433567784054
499,Christopher Duarte,62,41331.27545370772,639,"PSC 5543, Box 9028, APO AE 22088",Yvonneberg,AR,49382,243.4828616049801
500,Randy Randall,51,43701.39390599707,446,"496 Katherine River, Johnsonstad, HI 18401",Parkerborough,SD,62877,83.70368995594329
